{"cameraMode":{"drawMode":0,"name":"Shaded","section":"Shading Mode"},"sceneLighting":false,"audioPlay":false,"sceneViewState":{"m_AlwaysRefresh":false,"showFog":true,"showSkybox":false,"showFlares":true,"showImageEffects":true,"showParticleSystems":true,"showVisualEffectGraphs":true,"m_FxEnabled":true},"in2DMode":false,"pivot":{"x":-0.02204740047454834,"y":0.7843713164329529,"z":-0.145582914352417},"rotation":{"x":-0.06185081973671913,"y":0.9172329306602478,"z":-0.15726953744888307,"w":-0.36072856187820437},"size":3.107208251953125,"orthographic":false}